Date,Time,Latitude,Longitude,Type,Depth,Depth Error,Depth Seismic Stations,Magnitude,Magnitude Type,Magnitude Error,Magnitude Seismic Stations,Azimuthal Gap,Horizontal Distance,Horizontal Error,Root Mean Square,ID,Source,Location Source,Magnitude Source,Status,Ones
03/12/1966,16:31:20,24.122,122.583,Earthquake,30,,,7.5,MW,,,,,,,ISCGEM849160,ISCGEM,ISCGEM,ISCGEM,Automatic,1
04/01/1968,00:42:07,32.449,132.269,Earthquake,34.2,,,7.5,MW,,,,,,,ISCGEM823387,ISCGEM,ISCGEM,ISCGEM,Automatic,1
05/28/1968,13:27:19,-2.85,139.353,Earthquake,45,,,7.5,MW,,,,,,,ISCGEM823104,ISCGEM,ISCGEM,ISCGEM,Automatic,1
08/11/1969,21:27:40,43.599,147.385,Earthquake,25,,,7.5,MW,,,,,,,ISCGEMSUP805431,ISCGEMSUP,ISCGEM,ISCGEM,Automatic,1
04/25/1972,19:30:07,13.402,120.275,Earthquake,25,,,7.5,MW,,,,,,,ISCGEM774772,ISCGEM,ISCGEM,ISCGEM,Automatic,1
08/17/1972,23:44:09,-6.05,152.932,Earthquake,20,,,7.5,MW,,,,,,,ISCGEM770672,ISCGEM,ISCGEM,ISCGEM,Automatic,1
01/30/1973,21:01:12,18.481,-102.996,Earthquake,43,,,7.5,MS,,,,,,,USP00000BF,US,US,US,Reviewed,1
12/28/1973,13:41:46,-14.464,166.601,Earthquake,26,,,7.5,MS,,,,,,,USP00004P9,US,US,US,Reviewed,1
10/08/1974,09:50:58,17.3,-62,Earthquake,47,,,7.5,MS,,,,,,,USP00008AQ,US,US,US,Reviewed,1
02/04/1976,09:01:43,15.324,-89.101,Earthquake,5,,,7.5,MW,,,,,,,USP0000EX3,US,US,1000,Reviewed,1
07/27/1976,19:42:55,39.57,117.978,Earthquake,23,,,7.5,MW,,,,,,,USP0000HJG,US,US,1000,Reviewed,1
04/20/1977,23:42:51,-9.89,160.348,Earthquake,19,,,7.5,MS,,,,,,,USP0000NGG,US,US,US,Reviewed,1
04/20/1977,23:49:13,-9.844,160.822,Earthquake,33,,,7.5,MS,,,,,,,USP0000NGH,US,US,US,Reviewed,1
04/21/1977,04:24:10,-9.965,160.731,Earthquake,33,,,7.5,MS,,,,,,,USP0000NH4,US,US,US,Reviewed,1
03/23/1978,03:15:20,44.932,148.439,Earthquake,33,,,7.5,MS,,,,,,,USP0000TJH,US,US,US,Reviewed,1
07/08/1980,23:19:20,-12.41,166.381,Earthquake,33,,,7.5,MS,,,,,,,USP00018R3,US,US,US,Reviewed,1
11/20/1984,08:15:16,5.167,125.124,Earthquake,202.2,2.6,,7.5,MW,,,,,,1.3,USP000297P,US,US,HRV,Reviewed,1
08/14/1986,19:39:14,1.795,126.519,Earthquake,33,,,7.5,MW,,,,,,1.4,USP0002X57,US,US,HRV,Reviewed,1
12/30/1990,19:14:19,-5.097,150.967,Earthquake,178.6,,,7.5,MW,,,,,,1.2,USP0004K00,US,US,HRV,Reviewed,1
06/20/1991,05:18:53,1.196,122.787,Earthquake,31.4,,,7.5,MW,,,,,,1.2,USP0004T6G,US,US,HRV,Reviewed,1
06/08/1993,13:03:36,51.218,157.829,Earthquake,70.6,,,7.5,MW,,,,,,1,USP0005U7B,US,US,HRV,Reviewed,1
02/21/1996,12:51:01,-9.593,-79.587,Earthquake,10,,,7.5,MW,,,,,,1.2,USP0007DMB,US,US,HRV,Reviewed,1
11/08/1997,10:02:53,35.069,87.325,Earthquake,33,,,7.5,MWC,,,,,,1.38,USP0008A97,US,US,HRV,Reviewed,1
01/04/1998,06:11:59,-22.301,170.911,Earthquake,100.6,,,7.5,MWC,,,,,,0.88,USP0008DQQ,US,US,HRV,Reviewed,1
05/03/1998,23:30:22,22.306,125.308,Earthquake,33,,,7.5,MWB,,,,,,0.99,USP0008MDK,US,US,US,Reviewed,1
09/30/1999,16:31:16,16.059,-96.931,Earthquake,60.6,2.5,,7.5,MWC,,,,,,0.93,USP0009F7V,US,US,HRV,Reviewed,1
11/26/1999,13:21:16,-16.423,168.214,Earthquake,33,,,7.5,MWC,,,,,,1.2,USP0009J4N,US,US,HRV,Reviewed,1
01/01/2001,06:57:04,6.898,126.579,Earthquake,33,,324,7.5,MWC,,,,,,1.06,USP000A70H,US,US,HRV,Reviewed,1
10/19/2001,03:28:44,-4.102,123.907,Earthquake,33,,234,7.5,MWC,,,,,,1.14,USP000AR78,US,US,HRV,Reviewed,1
03/05/2002,21:16:09,6.033,124.249,Earthquake,31,,321,7.5,MWC,,,,,,0.95,USP000AZQW,US,US,HRV,Reviewed,1
11/11/2004,21:26:41,-8.152,124.868,Earthquake,10,,301,7.5,MWC,,,33.8,,,1.07,USP000D85G,US,US,HRV,Reviewed,1
09/26/2005,01:55:38,-5.678,-76.398,Earthquake,115,,696,7.5,MWB,,,26.2,,,0.88,USP000E09H,US,US,US,Reviewed,1
01/21/2007,11:27:45,1.065,126.282,Earthquake,22,,570,7.5,MWC,,,21.6,,,1.22,USP000F34B,US,US,GCMT,Reviewed,1
08/08/2007,17:05:05,-5.859,107.419,Earthquake,280,,228,7.5,MWC,,,30.7,,,1.13,USP000FJ6K,US,US,GCMT,Reviewed,1
09/28/2007,13:38:58,22.013,142.668,Earthquake,260,,558,7.5,MWC,,,11.8,,,0.97,USP000FPCA,US,US,GCMT,Reviewed,1
08/10/2009,19:55:39,14.099,92.902,Earthquake,24,,303,7.5,MWC,,,18.2,,,1.03,USP000H05X,US,US,US,Reviewed,1
06/12/2010,19:26:50,7.881,91.936,Earthquake,35,,514,7.5,MWC,,,18.6,,,1.1,USP000HDWB,US,US,GCMT,Reviewed,1
07/23/2010,23:15:10,6.776,123.259,Earthquake,640.6,,441,7.5,MWC,,,17.5,,,0.82,USP000HGMQ,US,US,GCMT,Reviewed,1
01/05/2013,08:58:19,55.393,-134.652,Earthquake,10,,659,7.5,MWW,,,28.5,,,1.26,USP000JXUM,US,US,US,Reviewed,1
04/19/2014,13:28:01,-6.7547,155.0241,Earthquake,43.37,3.8,,7.5,MWW,,,16,3.82,,1.25,USB000PR89,US,US,US,Reviewed,1
03/29/2015,23:48:31,-4.7294,152.5623,Earthquake,41,1.8,,7.5,MWW,,,19,0.666,7,1.32,US10001RVU,US,US,US,Reviewed,1
05/05/2015,01:44:06,-5.4624,151.8751,Earthquake,55,1.9,,7.5,MWW,,,22,1.295,6.1,1.02,US20002BNF,US,US,US,Reviewed,1
10/26/2015,09:09:43,36.5244,70.3676,Earthquake,231,1.9,,7.5,MWW,,,18,0.622,6.7,1.43,US10003RE5,US,US,US,Reviewed,1
03/30/1965,02:27:06,50.282,177.959,Earthquake,20,,,7.6,MW,,,,,,,ISCGEM858982,ISCGEM,ISCGEM,ISCGEM,Automatic,1
08/11/1965,22:31:51,-15.861,167.092,Earthquake,30,,,7.6,MW,,,,,,,ISCGEM854473,ISCGEM,ISCGEM,ISCGEM,Automatic,1
08/01/1968,20:19:22,16.316,122.067,Earthquake,25,,,7.6,MW,,,,,,,ISCGEM817557,ISCGEM,ISCGEM,ISCGEM,Automatic,1
08/10/1968,02:07:06,1.514,126.234,Earthquake,23,,,7.6,MW,,,,,,,ISCGEM817844,ISCGEM,ISCGEM,ISCGEM,Automatic,1
01/30/1969,10:29:41,4.569,127.306,Earthquake,60,,,7.6,MW,,,,,,,ISCGEM813688,ISCGEM,ISCGEM,ISCGEM,Automatic,1
11/21/1969,02:05:38,2.005,94.489,Earthquake,25,,,7.6,MW,,,,,,,ISCGEM802491,ISCGEM,ISCGEM,ISCGEM,Automatic,1
12/15/1971,08:29:57,55.959,163.269,Earthquake,27.5,,,7.6,MW,,,,,,,ISCGEM777750,ISCGEM,ISCGEM,ISCGEM,Automatic,1
07/30/1972,21:45:17,56.724,-135.853,Earthquake,25,,,7.6,MW,,,,,,,ISCGEM772060,ISCGEM,ISCGEM,ISCGEM,Automatic,1
10/03/1974,14:21:29,-12.265,-77.795,Earthquake,13,,,7.6,MS,,,,,,,USP0000888,US,US,US,Reviewed,1
02/02/1975,08:43:39,53.113,173.497,Earthquake,10,,,7.6,MS,,,,,,,USP00009RY,US,US,US,Reviewed,1
04/02/1977,07:15:23,-16.696,-172.095,Earthquake,33,,,7.6,MS,,,,,,,USP0000N82,US,US,US,Reviewed,1
03/24/1978,19:47:51,44.244,148.862,Earthquake,33,,,7.6,MS,,,,,,,USP0000TMY,US,US,US,Reviewed,1
03/14/1979,11:07:16,17.813,-101.276,Earthquake,49,,,7.6,MS,,,,,,,USP0000ZBW,US,US,US,Reviewed,1
05/25/1981,05:25:14,-48.786,164.357,Earthquake,33,,,7.6,MS,,10,,,,1.2,USP0001DV1,US,US,US,Reviewed,1
03/18/1983,09:05:50,-4.883,153.581,Earthquake,88.8,3,,7.6,MS,,9,,,,1.3,USP0001TR1,US,US,US,Reviewed,1
02/07/1984,21:33:21,-10.012,160.469,Earthquake,18.1,,,7.6,MW,,,,,,1.4,USP00021U7,US,US,HRV,Reviewed,1
09/21/1985,01:37:13,17.802,-101.647,Earthquake,30.8,4.9,,7.6,MW,,,,,,1.2,USP0002JYP,US,US,HRV,Reviewed,1
03/05/1987,09:17:05,-24.388,-70.161,Earthquake,62.3,,,7.6,MW,,,,,,1.2,USP0003304,US,US,HRV,Reviewed,1
08/10/1988,04:38:26,-10.366,160.819,Earthquake,34,,,7.6,MW,,,,,,1.5,USP0003JTM,US,US,HRV,Reviewed,1
12/15/1989,18:43:45,8.337,126.729,Earthquake,24.4,,,7.6,MW,,,,,,1.4,USP000433J,US,US,HRV,Reviewed,1
03/03/1990,12:16:28,-22.122,175.163,Earthquake,33.2,,,7.6,MW,,,,,,1.3,USP000464D,US,US,HRV,Reviewed,1
04/05/1990,21:12:36,15.125,147.596,Earthquake,11.4,,,7.6,MW,,,,,,1.2,USP00047GJ,US,US,PAR,Reviewed,1
04/22/1991,21:56:52,9.685,-83.073,Earthquake,10,,,7.6,MW,,,,,,1.2,USP0004QPG,US,US,HRV,Reviewed,1
12/22/1991,08:43:13,45.533,151.021,Earthquake,24.7,,,7.6,MW,,,,,,0.9,USP00050SQ,US,US,HRV,Reviewed,1
01/15/1993,11:06:06,43.3,143.691,Earthquake,102.2,,,7.6,MW,,,,,,1.5,USP0005KTJ,US,US,HRV,Reviewed,1
03/09/1994,23:28:07,-18.039,-178.413,Earthquake,562.5,,,7.6,MW,,,,,,1,USP00069FM,US,US,HRV,Reviewed,1
08/17/1999,00:01:39,40.748,29.864,Earthquake,17,,,7.6,MWC,,,,,,1.27,USP0009D4Z,US,US,HRV,Reviewed,1
03/28/2000,11:00:23,22.338,143.73,Earthquake,126.5,,,7.6,MWC,,,,,,1.22,USP0009QB4,US,US,HRV,Reviewed,1
05/04/2000,04:21:16,-1.105,123.573,Earthquake,26,,,7.6,MWC,,,,,,1.14,USP0009SBH,US,US,HRV,Reviewed,1
07/07/2001,09:38:44,-17.543,-72.077,Earthquake,33,,398,7.6,MWC,,,,,,1.15,USP000AJ40,US,US,HRV,Reviewed,1
09/08/2002,18:44:24,-3.302,142.945,Earthquake,13,,428,7.6,MWC,,,,,,1.16,USP000BBPF,US,US,HRV,Reviewed,1
10/10/2002,10:50:21,-1.757,134.297,Earthquake,10,,375,7.6,MWC,,,,,,1.15,USP000BE54,US,US,HRV,Reviewed,1
01/22/2003,02:06:35,18.77,-104.104,Earthquake,24,,551,7.6,MWB,,,,,,1.4,USP000BNYR,US,US,US,Reviewed,1
07/15/2003,20:27:51,-2.598,68.382,Earthquake,10,,522,7.6,MWC,,,34.9,,,0.98,USP000C2KA,US,US,HRV,Reviewed,1
08/04/2003,04:37:20,-60.532,-43.411,Earthquake,10,,315,7.6,MWC,,,25.2,,,1.09,USP000C41F,US,US,HRV,Reviewed,1
09/09/2005,07:26:44,-4.539,153.474,Earthquake,90,,502,7.6,MWC,,,20,,,1.04,USP000DZ2J,US,US,HRV,Reviewed,1
10/08/2005,03:50:41,34.539,73.588,Earthquake,26,,724,7.6,MWC,,,21.1,,,0.9,USP000E12E,US,US,HRV,Reviewed,1
01/27/2006,16:58:54,-5.473,128.131,Earthquake,397,,560,7.6,MWC,,,22.3,,,0.88,USP000E8YS,US,US,HRV,Reviewed,1
04/20/2006,23:25:02,60.949,167.089,Earthquake,22,,579,7.6,MWC,,,18.5,,,0.87,USP000EF1H,US,US,HRV,Reviewed,1
03/19/2009,18:17:40,-23.043,-174.66,Earthquake,31,,504,7.6,MWC,,,14,,,1,USP000GV5P,US,US,US,Reviewed,1
09/30/2009,10:16:09,-0.72,99.867,Earthquake,81,,498,7.6,MWC,,,14,,,0.92,USP000H237,US,US,GCMT,Reviewed,1
07/23/2010,22:51:12,6.497,123.48,Earthquake,578,,340,7.6,MWC,,,15.1,,,0.91,USP000HGMH,US,US,US,Reviewed,1
07/06/2011,19:03:18,-29.539,-176.34,Earthquake,17,,567,7.6,MWW,,,33.5,,,1.17,USP000J48H,US,US,US,Reviewed,1
08/31/2012,12:47:33,10.811,126.638,Earthquake,28,,682,7.6,MWW,,,10.2,,,1.02,USP000JR83,US,US,US,Reviewed,1
09/05/2012,14:42:08,10.085,-85.315,Earthquake,35,,703,7.6,MWW,,,34.3,,,1.2,USP000JRSW,US,US,US,Reviewed,1
04/12/2014,20:14:39,-11.2701,162.1481,Earthquake,22.56,2.8,,7.6,MWW,,,13,2.828,,0.71,USC000PHX5,US,US,US,Reviewed,1
11/24/2015,22:45:39,-10.5372,-70.9437,Earthquake,606.21,3.2,,7.6,MWW,,,10,3.287,8.5,1.36,US100040WW,US,US,US,Reviewed,1
11/24/2015,22:50:54,-10.0598,-71.0184,Earthquake,620.56,3.1,,7.6,MWW,,,10,2.852,8.5,1,US100040X6,US,US,US,Reviewed,1
12/25/2016,14:22:27,-43.4029,-73.9395,Earthquake,38,1.9,,7.6,MWW,,,29,0.351,6.8,0.8,US10007MN3,US,US,US,Reviewed,1
05/20/1965,00:40:27,-14.921,167.34,Earthquake,120,,,7.7,MW,,,,,,,ISCGEM857011,ISCGEM,ISCGEM,ISCGEM,Automatic,1
09/08/1966,21:15:56,2.388,128.49,Earthquake,115,,,7.7,MW,,,,,,,ISCGEMSUP843229,ISCGEMSUP,ISCGEM,ISCGEM,Automatic,1
12/28/1966,08:18:07,-25.494,-70.55,Earthquake,25,,,7.7,MW,,,,,,,ISCGEM841046,ISCGEM,ISCGEM,ISCGEM,Automatic,1
01/10/1971,07:17:05,-3.184,139.722,Earthquake,30,,,7.7,MW,,,,,,,ISCGEM788036,ISCGEM,ISCGEM,ISCGEM,Automatic,1
06/11/1972,16:41:04,3.752,124.221,Earthquake,330.8,,,7.7,MW,,,,,,,ISCGEM772416,ISCGEM,ISCGEM,ISCGEM,Automatic,1
06/17/1973,03:55:03,43.233,145.785,Earthquake,48,,,7.7,MS,,,,,,,USP0000270,US,US,US,Reviewed,1
05/10/1975,14:27:39,-38.183,-73.232,Earthquake,6,,,7.7,MS,,,,,,,USP0000AZ9,US,US,US,Reviewed,1
07/20/1975,19:54:28,-7.104,155.152,Earthquake,44,,,7.7,MS,,,,,,,USP0000C2S,US,US,US,Reviewed,1
06/12/1978,08:14:26,38.19,142.028,Earthquake,44,,,7.7,MS,,,,,,,USP0000V0F,US,US,US,Reviewed,1
11/29/1978,19:52:48,16.01,-96.591,Earthquake,18,,,7.7,MS,,,,,,,USP0000XP7,US,US,US,Reviewed,1
12/12/1979,07:59:03,1.598,-79.358,Earthquake,24,,,7.7,MS,,,,,,,USP00014EY,US,US,US,Reviewed,1
09/01/1981,09:29:32,-14.96,-173.085,Earthquake,25,,,7.7,MS,,13,,,,1.2,USP0001FKX,US,US,US,Reviewed,1
10/20/1986,06:46:10,-28.117,-176.367,Earthquake,29.1,,,7.7,MW,,,,,,1.2,USP0002Z3J,US,US,HRV,Reviewed,1
11/06/1988,13:03:19,22.789,99.611,Earthquake,17.8,,,7.7,MW,,,,,,1.6,USP0003NKS,US,US,NC,Reviewed,1
07/16/1990,07:26:35,15.679,121.172,Earthquake,25.1,,,7.7,MW,,,,,,1.1,USP0004BXS,US,US,HRV,Reviewed,1
09/02/1992,00:16:02,11.742,-87.34,Earthquake,44.8,,,7.7,MW,,,,,,1.3,USP0005DDN,US,US,HRV,Reviewed,1
07/12/1993,13:17:12,42.851,139.197,Earthquake,16.7,,,7.7,MW,,,,,,1,USP0005W12,US,US,HRV,Reviewed,1
05/16/1995,20:12:44,-23.008,169.9,Earthquake,20.2,,,7.7,MW,,,,,,1.3,USP0006XG1,US,US,HRV,Reviewed,1
08/16/1995,10:27:29,-5.799,154.178,Earthquake,30.1,,,7.7,MW,,,,,,1.3,USP00071W4,US,US,HRV,Reviewed,1
11/12/1996,16:59:44,-14.993,-75.675,Earthquake,33,,,7.7,MWC,,,,,,1.11,USP0007SWP,US,US,HRV,Reviewed,1
04/21/1997,12:02:26,-12.584,166.676,Earthquake,33,,,7.7,MWC,,,,,,0.93,USP00080WT,US,US,HRV,Reviewed,1
11/29/1998,14:10:32,-2.071,124.891,Earthquake,33,,,7.7,MWC,,,,,,1.23,USP0008YX2,US,US,HRV,Reviewed,1
09/20/1999,17:47:18,23.772,120.982,Earthquake,33,,,7.7,MWC,,,,,,1.11,USP0009EQ0,US,US,HRV,Reviewed,1
01/13/2001,17:33:32,13.049,-88.66,Earthquake,60,,427,7.7,MWC,,,,,,1.13,USP000A7M5,US,US,HRV,Reviewed,1
01/26/2001,03:16:40,23.419,70.232,Earthquake,16,,472,7.7,MWC,,,,,,1.25,USP000A8DS,US,US,HRV,Reviewed,1
08/19/2002,11:01:01,-21.696,-179.513,Earthquake,580,,670,7.7,MWC,,,,,,0.93,USP000BA6G,US,US,HRV,Reviewed,1
08/19/2002,11:08:24,-23.884,178.495,Earthquake,675.4,,302,7.7,MWC,,,,,,1.08,USP000BA6M,US,US,HRV,Reviewed,1
07/17/2006,08:19:27,-9.284,107.419,Earthquake,20,,357,7.7,MWC,,,36.8,,,1.16,USP000ENSM,US,US,HRV,Reviewed,1
11/14/2007,15:40:51,-22.247,-69.89,Earthquake,40,,610,7.7,MWC,,,22.4,,,1.11,USP000FSHY,US,US,GCMT,Reviewed,1
07/05/2008,02:12:04,53.882,152.886,Earthquake,632.8,3.1,777,7.7,MWC,,,13.5,,,0.83,USP000GBC0,US,US,US,Reviewed,1
01/03/2009,19:43:51,-0.414,132.885,Earthquake,17,,288,7.7,MWC,,,29.8,,,1.27,USP000GS2D,US,US,GCMT,Reviewed,1
10/07/2009,22:03:14,-13.006,166.51,Earthquake,45,,283,7.7,MWW,,,23.2,,,1.31,USP000H2G9,US,US,US,Reviewed,1
03/11/2011,06:25:50,38.058,144.59,Earthquake,18.6,8,507,7.7,MWC,,,10.8,,,0.85,USP000HVPG,US,US,US,Reviewed,1
08/14/2012,02:59:38,49.8,145.064,Earthquake,583.2,2.6,862,7.7,MWW,,,13.8,,,0.83,USP000JQ9H,US,US,US,Reviewed,1
04/16/2013,10:44:20,28.033,61.996,Earthquake,80,,506,7.7,MWW,,,26.6,,,1.09,USB000G7X7,US,US,US,Reviewed,1
09/24/2013,11:29:48,26.951,65.5009,Earthquake,15,1.6,,7.7,MWW,,,17,7.241,,0.93,USB000JYIV,US,US,US,Reviewed,1
11/17/2013,09:04:56,-60.2738,-46.4011,Earthquake,10,1.7,,7.7,MWW,,,23,8.05,,1.33,USB000L0GQ,US,US,US,Reviewed,1
04/03/2014,02:43:13,-20.5709,-70.4931,Earthquake,22.4,3.4,,7.7,MWW,,,44,1.029,,0.82,USC000P27I,US,US,US,Reviewed,1
07/29/2016,21:18:25,18.5429,145.5073,Earthquake,196,1.8,,7.7,MWW,,,14,3.294,7.5,1.38,US100068JG,US,US,US,Reviewed,1
07/02/1965,20:58:40,52.99,-167.739,Earthquake,45,,,7.8,MW,,,,,,,ISCGEM855112,ISCGEM,ISCGEM,ISCGEM,Automatic,1
12/31/1966,18:23:09,-12.091,166.552,Earthquake,55,,,7.8,MW,,,,,,,ISCGEM841173,ISCGEM,ISCGEM,ISCGEM,Automatic,1
02/28/1969,02:40:32,36.033,-10.613,Earthquake,10,,,7.8,MW,,,,,,,ISCGEM812637,ISCGEM,ISCGEM,ISCGEM,Automatic,1
07/09/1971,03:03:20,-32.601,-71.076,Earthquake,60.3,,,7.8,MW,,,,,,,ISCGEM782010,ISCGEM,ISCGEM,ISCGEM,Automatic,1
10/11/1975,14:35:15,-24.894,-175.119,Earthquake,9,,,7.8,MS,,,,,,,USP0000D42,US,US,US,Reviewed,1
12/26/1975,15:56:39,-16.264,-172.467,Earthquake,33,,,7.8,MS,,,,,,,USP0000E2T,US,US,US,Reviewed,1
03/06/1988,22:35:38,56.953,-143.032,Earthquake,10,,,7.8,MW,,,,,,,USP0003DNB,US,AGS,HRV,Reviewed,1
04/18/1990,13:39:19,1.186,122.857,Earthquake,25.7,,,7.8,MW,,,,,,1.2,USP000482Z,US,US,PAR,Reviewed,1
12/12/1992,05:29:26,-8.48,121.896,Earthquake,27.7,,,7.8,MW,,,,,,1.4,USP0005J5A,US,US,HRV,Reviewed,1
08/08/1993,08:34:25,12.982,144.801,Earthquake,59.3,,,7.8,MW,,,,,,1.1,USP0005Y3K,US,US,HRV,Reviewed,1
06/02/1994,18:17:34,-10.477,112.835,Earthquake,18.4,4,,7.8,MW,,,,,,1.1,USP0006DJK,US,US,HRV,Reviewed,1
12/28/1994,12:19:23,40.525,143.419,Earthquake,26.5,,,7.8,MW,,,,,,1.1,USP0006QH3,US,US,HRV,Reviewed,1
10/14/1997,09:53:18,-22.101,-176.772,Earthquake,167.3,,,7.8,MWB,,,,,,0.93,USP000890Q,US,US,US,Reviewed,1
12/05/1997,11:26:55,54.841,162.035,Earthquake,33,,,7.8,MWC,,,,,,1.02,USP0008BTK,US,US,HRV,Reviewed,1
11/16/2000,07:42:17,-5.233,153.102,Earthquake,30,,294,7.8,MWC,,,,,,1.31,USP000A3SP,US,US,HRV,Reviewed,1
11/17/2000,21:01:56,-5.496,151.781,Earthquake,33,,346,7.8,MWC,,,,,,1.07,USP000A45F,US,US,HRV,Reviewed,1
11/14/2001,09:26:10,35.946,90.541,Earthquake,10,,368,7.8,MWC,,,,,,1.07,USP000ASVM,US,US,HRV,Reviewed,1
11/17/2003,06:43:07,51.146,178.65,Earthquake,33,,604,7.8,MWC,,,24,,,1.11,USP000CD1N,US,US,HRV,Reviewed,1
06/13/2005,22:44:34,-19.987,-69.197,Earthquake,115.6,,714,7.8,MWB,,,16.1,,,1.01,USP000DSW1,US,US,US,Reviewed,1
12/09/2007,07:28:21,-25.996,-177.514,Earthquake,152.5,6.3,512,7.8,MWC,,,11.8,,,1.12,USP000FU3Q,US,US,GCMT,Reviewed,1
07/15/2009,09:22:29,-45.762,166.562,Earthquake,12,,434,7.8,MWC,,,16.8,,,,USP000GZ8J,US,WEL,GCMT,Reviewed,1
10/07/2009,22:18:51,-12.517,166.382,Earthquake,35,,195,7.8,MWC,,,20.3,,,0.97,USP000H2GD,US,US,US,Reviewed,1
04/06/2010,22:15:02,2.383,97.048,Earthquake,31,,352,7.8,MWC,,,19.2,,,1.19,USP000HAT0,US,US,GCMT,Reviewed,1
10/25/2010,14:42:22,-3.487,100.082,Earthquake,20.1,3.5,379,7.8,MWC,,,23,,,1.17,USP000HNJ4,US,US,GCMT,Reviewed,1
10/28/2012,03:04:09,52.788,-132.101,Earthquake,14,,807,7.8,MWW,,,42.7,,,0.99,USP000JUHZ,US,US,US,Reviewed,1
04/25/2015,06:11:26,28.2305,84.7314,Earthquake,8.22,2.9,,7.8,MWW,,,12,1.857,7.3,0.96,US20002926,US,US,US,Reviewed,1
05/30/2015,11:23:02,27.8386,140.4931,Earthquake,664,1.9,,7.8,MWW,,,12,1.675,9.2,1.12,US20002KI3,US,US,US,Reviewed,1
03/02/2016,12:49:48,-4.9521,94.3299,Earthquake,24,1.8,,7.8,MWW,,,20,7.009,7.5,1.14,US10004U1Y,US,US,US,Reviewed,1
04/16/2016,23:58:37,0.3819,-79.9218,Earthquake,20.59,3.2,,7.8,MWW,,,15,1.44,5.7,0.94,US20005J32,US,US,US,Reviewed,1
11/13/2016,11:02:56,-42.7358,173.0499,Earthquake,15.22,3.2,,7.8,MWW,,,21,0.482,4.6,0.57,US1000778I,US,US,US,Reviewed,1
12/08/2016,17:38:46,-10.6787,161.3214,Earthquake,40,1.8,,7.8,MWW,,,13,1.83,8.2,0.87,US20007Z80,US,US,US,Reviewed,1
05/16/1968,10:39:02,41.43,142.864,Earthquake,25,,,7.9,MW,,,,,,,ISCGEM822083,ISCGEM,ISCGEM,ISCGEM,Automatic,1
05/31/1970,20:23:29,-9.183,-78.737,Earthquake,45,,,7.9,MW,,,,,,,ISCGEM796163,ISCGEM,ISCGEM,ISCGEM,Automatic,1
05/26/1975,09:11:52,35.997,-17.649,Earthquake,33,,,7.9,MS,,,,,,,USP0000B6E,US,US,US,Reviewed,1
07/20/1975,14:37:40,-6.59,155.054,Earthquake,49,,,7.9,MS,,,,,,,USP0000C24,US,US,US,Reviewed,1
08/16/1976,16:11:07,6.262,124.023,Earthquake,33,,,7.9,MS,,,,,,,USP0000HVB,US,US,US,Reviewed,1
08/19/1977,06:08:55,-11.085,118.464,Earthquake,33,,,7.9,MS,,,,,,,USP0000Q62,US,US,US,Reviewed,1
09/12/1979,05:17:51,-1.679,136.04,Earthquake,5,,,7.9,MS,,,,,,,USP00012WP,US,US,US,Reviewed,1
07/17/1980,19:42:23,-12.525,165.916,Earthquake,33,,,7.9,MS,,,,,,,USP00018Y0,US,US,US,Reviewed,1
11/30/1987,19:23:20,58.679,-142.786,Earthquake,10,,,7.9,MW,,,,,,,USP0003AQ8,US,SPE,HRV,Reviewed,1
12/03/1995,18:01:09,44.663,149.3,Earthquake,33,,,7.9,MW,,,,,,1.1,USP000782N,US,US,HRV,Reviewed,1
01/01/1996,08:05:11,0.729,119.931,Earthquake,24,,,7.9,MW,,,,,,1.2,USP00079ZV,US,US,HRV,Reviewed,1
06/10/1996,04:03:35,51.564,-177.632,Earthquake,33,,,7.9,MWC,,,,,,0.9,USP0007JCU,US,US,HRV,Reviewed,1
06/17/1996,11:22:19,-7.137,122.589,Earthquake,587.3,,,7.9,MWC,,,,,,1.2,USP0007JW8,US,US,HRV,Reviewed,1
06/04/2000,16:28:26,-4.721,102.087,Earthquake,33,,379,7.9,MWC,,,,,,1.1,USP0009TXV,US,US,HRV,Reviewed,1
06/18/2000,14:44:13,-13.802,97.453,Earthquake,10,,405,7.9,MWC,,,,,,1.16,USP0009UT0,US,US,HRV,Reviewed,1
11/03/2002,22:12:41,63.517,-147.444,Earthquake,4.9,,771,7.9,MWC,,,,,,,USP000BG0M,US,AEIC,HRV,Reviewed,1
09/12/2007,23:49:04,-2.625,100.841,Earthquake,35,,446,7.9,MWC,,,29.1,,,1.01,USP000FN2B,US,US,GCMT,Reviewed,1
05/12/2008,06:28:02,31.002,103.322,Earthquake,19,,774,7.9,MWC,,,11.3,,,1.2,USP000G650,US,US,US,Reviewed,1
03/11/2011,06:15:40,36.281,141.111,Earthquake,42.6,9.6,163,7.9,MWC,,,48.4,,,1.44,USP000HVPA,US,US,US,Reviewed,1
06/23/2014,20:53:10,51.8486,178.7352,Earthquake,109,1.8,,7.9,MWW,,,22,0.133,,0.71,USC000RKI5,US,US,US,Reviewed,1
12/17/2016,10:51:10,-4.5049,153.5216,Earthquake,94.54,3.8,,7.9,MWW,,,13,1.389,7.3,0.97,US200081V8,US,US,US,Reviewed,1
07/31/1970,17:08:05,-1.597,-72.532,Earthquake,644.8,,,8,MW,,,,,,,ISCGEM794176,ISCGEM,ISCGEM,ISCGEM,Automatic,1
07/14/1971,06:11:30,-5.524,153.85,Earthquake,40,,,8,MW,,,,,,,ISCGEM782181,ISCGEM,ISCGEM,ISCGEM,Automatic,1
12/02/1972,00:19:52,6.405,126.64,Earthquake,60,,,8,MW,,,,,,,ISCGEM765501,ISCGEM,ISCGEM,ISCGEM,Automatic,1
01/14/1976,16:47:34,-28.427,-177.657,Earthquake,33,,,8,MS,,,,,,,USP0000EE7,US,US,US,Reviewed,1
03/03/1985,22:47:07,-33.135,-71.871,Earthquake,33,,,8,MW,,,,,,1,USP0002CCZ,US,US,HRV,Reviewed,1
09/19/1985,13:17:47,18.19,-102.533,Earthquake,27.9,3.8,,8,MW,,,,,,1.3,USP0002JWE,US,US,HRV,Reviewed,1
05/07/1986,22:47:11,51.52,-174.776,Earthquake,33,,,8,MW,,,,,,1.1,USP0002TMU,US,US,HRV,Reviewed,1
07/30/1995,05:11:24,-23.34,-70.294,Earthquake,45.6,,,8,MW,,,,,,1.1,USP000714T,US,US,HRV,Reviewed,1
10/09/1995,15:35:54,19.055,-104.205,Earthquake,33,,,8,MW,,,,,,1.3,USP00074VC,US,US,HRV,Reviewed,1
11/16/2000,04:54:57,-3.98,152.169,Earthquake,33,,254,8,MWC,,,,,,1.2,USP000A3QQ,US,US,HRV,Reviewed,1
05/03/2006,15:26:40,-20.187,-174.123,Earthquake,55,,626,8,MWC,,,20.7,,,1.18,USP000EG5G,US,US,HRV,Reviewed,1
08/15/2007,23:40:58,-13.386,-76.603,Earthquake,39,,625,8,MWC,,,25.7,,,0.86,USP000FJTA,US,US,GCMT,Reviewed,1
02/06/2013,01:12:26,-10.799,165.114,Earthquake,24,,460,8,MWW,,,20.9,,,1.29,USC000F1S0,US,US,US,Reviewed,1
10/17/1966,21:42:00,-10.665,-78.228,Earthquake,40,,,8.1,MW,,,,,,,ISCGEM842581,ISCGEM,ISCGEM,ISCGEM,Automatic,1
07/26/1971,01:23:22,-4.817,153.172,Earthquake,40,,,8.1,MW,,,,,,,ISCGEM782684,ISCGEM,ISCGEM,ISCGEM,Automatic,1
03/25/1998,03:12:25,-62.877,149.527,Earthquake,10,,,8.1,MWC,,,,,,1.1,USP0008HZD,US,US,HRV,Reviewed,1
12/23/2004,14:59:04,-49.312,161.345,Earthquake,10,,331,8.1,MWC,,,59.3,,,1.12,USP000DB93,US,US,HRV,Reviewed,1
01/13/2007,04:23:21,46.243,154.524,Earthquake,10,,606,8.1,MWC,,,14,,,1.12,USP000F2AB,US,US,GCMT,Reviewed,1
04/01/2007,20:39:59,-8.466,157.043,Earthquake,24,,439,8.1,MWC,,,14.7,,,1.32,USP000F83M,US,US,GCMT,Reviewed,1
09/29/2009,17:48:11,-15.489,-172.095,Earthquake,18,,520,8.1,MWC,,,20.8,,,1.01,USP000H1YS,US,US,GCMT,Reviewed,1
01/24/1965,00:11:17,-2.608,125.952,Earthquake,20,,,8.2,MW,,,,,,,ISCGEM861299,ISCGEM,ISCGEM,ISCGEM,Automatic,1
05/16/1968,00:49:02,40.86,143.435,Earthquake,29.9,,,8.2,MW,,,,,,,ISCGEM821946,ISCGEM,ISCGEM,ISCGEM,Automatic,1
05/23/1989,10:54:46,-52.341,160.568,Earthquake,10,,,8.2,MW,,,,,,1.3,USP0003VJ7,US,US,PAR,Reviewed,1
06/09/1994,00:33:16,-13.841,-67.553,Earthquake,631.3,,,8.2,MW,,,,,,1.1,USP0006DZC,US,US,HRV,Reviewed,1
02/17/1996,05:59:31,-0.891,136.952,Earthquake,33,,,8.2,MW,,,,,,1.3,USP0007D1W,US,US,HRV,Reviewed,1
04/11/2012,10:43:11,0.802,92.463,Earthquake,25.1,7.3,341,8.2,MWC,,,14.9,,,0.9,USP000JHJB,US,US,US,Reviewed,1
04/01/2014,23:46:47,-19.6097,-70.7691,Earthquake,25,1.8,,8.2,MWW,,,23,0.609,,0.66,USC000NZVD,US,US,US,Reviewed,1
10/04/1994,13:22:56,43.773,147.321,Earthquake,14,4.7,,8.3,MW,,,,,,0.9,USP0006KDP,US,US,HRV,Reviewed,1
09/25/2003,19:50:06,41.815,143.91,Earthquake,27,,669,8.3,MWC,,,27.4,,,0.88,USP000C8KV,US,US,HRV,Reviewed,1
11/15/2006,11:14:14,46.592,153.266,Earthquake,10,,576,8.3,MWC,,,20.9,,,1.07,USP000EXFN,US,US,GCMT,Reviewed,1
05/24/2013,05:44:49,54.892,153.221,Earthquake,598.1,4.1,385,8.3,MWW,,,10,,,1.02,USB000H4JH,US,US,US,Reviewed,1
09/16/2015,22:54:33,-31.5729,-71.6744,Earthquake,22.44,3.2,,8.3,MWW,,,19,0.684,4.7,1.02,US20003K7A,US,US,US,Reviewed,1
06/23/2001,20:33:14,-16.265,-73.641,Earthquake,33,,518,8.4,MWW,,,,,,1.05,OFFICIAL20010623203314130_33,OFFICIAL,US,OFFICIAL,Reviewed,1
09/12/2007,11:10:27,-4.438,101.367,Earthquake,34,,411,8.4,MWW,,,32.3,,,1.03,OFFICIAL20070912111026830_34,OFFICIAL,US,OFFICIAL,Reviewed,1
03/28/2005,16:09:37,2.085,97.108,Earthquake,30,,510,8.6,MWW,,,22.1,,,0.91,OFFICIAL20050328160936530_30,OFFICIAL,US,OFFICIAL,Reviewed,1
04/11/2012,08:38:37,2.327,93.063,Earthquake,20,,499,8.6,MW,,,16.6,,,1.33,OFFICIAL20120411083836720_20,OFFICIAL,US,OFFICIAL,Reviewed,1
02/04/1965,05:01:22,51.251,178.715,Earthquake,30.3,,,8.7,MW,,,,,,,OFFICIAL19650204050122_30,OFFICIAL,ISCGEM,OFFICIAL,Automatic,1
02/27/2010,06:34:12,-36.122,-72.898,Earthquake,22.9,9.2,454,8.8,MWW,,,17.8,,,1.09,OFFICIAL20100227063411530_30,OFFICIAL,US,OFFICIAL,Reviewed,1
12/26/2004,00:58:53,3.295,95.982,Earthquake,30,,601,9.1,MW,,,22,,,1.17,OFFICIAL20041226005853450_30,OFFICIAL,US,OFFICIAL,Reviewed,1
03/11/2011,05:46:24,38.297,142.373,Earthquake,29,,541,9.1,MWW,,,9.5,,,1.16,OFFICIAL20110311054624120_30,OFFICIAL,US,OFFICIAL,Reviewed,1
